{
  "stocks": [
    {
      "id": 1,
      "owner_id": 1,
      "name": "Tomatoes",
      "currency": "Ksh",
      "price": "10",
      "quantity": 131,
      "thumbnail": "tomatoes"
    },
    {
      "id": 2,
      "owner_id": 1,
      "name": "Onions",
      "currency": "Ksh",
      "price": "5",
      "quantity": 173,
      "thumbnail": "onions"
    },
    {
      "id": 3,
      "owner_id": 1,
      "name": "Coriander",
      "currency": "Ksh",
      "price": "5",
      "quantity": 0,
      "thumbnail": "coriander"
    },
    {
      "id": 4,
      "owner_id": 1,
      "name": "Carrot",
      "currency": "Ksh",
      "price": 5,
      "quantity": 20,
      "thumbnail": "carrot"
    },
    {
      "id": 5,
      "owner_id": 1,
      "name": "Garlic",
      "currency": "Ksh",
      "price": 20,
      "quantity": 0,
      "thumbnail": "garlic"
    },
    {
      "id": 6,
      "owner_id": 1,
      "name": "Ginger",
      "currency": "Ksh",
      "price": 15,
      "quantity": 10,
      "thumbnail": "ginger"
    },
    {
      "id": 7,
      "owner_id": 1,
      "name": "Cucumber",
      "currency": "Ksh",
      "price": 25,
      "quantity": 50,
      "thumbnail": "cucumber"
    },
    {
      "id": 8,
      "owner_id": 1,
      "name": "Cabbage",
      "currency": "Ksh",
      "price": 50,
      "quantity": 400,
      "thumbnail": "cabbage"
    },
    {
      "id": 9,
      "owner_id": 1,
      "name": "Lettuce",
      "currency": "Ksh",
      "price": 50,
      "quantity": 300,
      "thumbnail": "lettuce"
    },
    {
      "id": 10,
      "owner_id": 1,
      "name": "Radish",
      "currency": "Ksh",
      "price": 300,
      "quantity": 200,
      "thumbnail": "radish"
    },
    {
      "id": 1,
      "owner_id": 2,
      "name": "Tomatoes",
      "currency": "Ksh",
      "price": 100,
      "quantity": 131,
      "thumbnail": "tomatoes"
    },
    {
      "id": 2,
      "owner_id": 2,
      "name": "Onions",
      "currency": "Ksh",
      "price": 150,
      "quantity": 173,
      "thumbnail": "onions"
    },
    {
      "id": 3,
      "owner_id": 2,
      "name": "Coriander",
      "currency": "Ksh",
      "price": 170,
      "quantity": 10,
      "thumbnail": "coriander"
    },
    {
      "id": 4,
      "owner_id": 2,
      "name": "Carrot",
      "currency": "Ksh",
      "price": 250,
      "quantity": 20,
      "thumbnail": "carrot"
    },
    {
      "id": 5,
      "owner_id": 2,
      "name": "Garlic",
      "currency": "Ksh",
      "price": 230,
      "quantity": 0,
      "thumbnail": "garlic"
    },
    {
      "id": 6,
      "owner_id": 2,
      "name": "Ginger",
      "currency": "Ksh",
      "price": 320,
      "quantity": 10,
      "thumbnail": "ginger"
    },
    {
      "id": 7,
      "owner_id": 2,
      "name": "Cucumber",
      "currency": "Ksh",
      "price": 250,
      "quantity": 50,
      "thumbnail": "cucumber"
    },
    {
      "id": 8,
      "owner_id": 2,
      "name": "Cabbage",
      "currency": "Ksh",
      "price": 50,
      "quantity": 400,
      "thumbnail": "cabbage"
    },
    {
      "id": 9,
      "owner_id": 2,
      "name": "Lettuce",
      "currency": "Ksh",
      "price": 50,
      "quantity": 300,
      "thumbnail": "lettuce"
    },
    {
      "id": 10,
      "owner_id": 2,
      "name": "Radish",
      "currency": "Ksh",
      "price": 300,
      "quantity": 200,
      "thumbnail": "radish"
    },
    {
      "id": 1,
      "owner_id": 3,
      "name": "Tomatoes",
      "currency": "Ksh",
      "price": 100,
      "quantity": 131,
      "thumbnail": "tomatoes"
    },
    {
      "id": 2,
      "owner_id": 3,
      "name": "Onions",
      "currency": "Ksh",
      "price": 250,
      "quantity": 173,
      "thumbnail": "onions"
    },
    {
      "id": 3,
      "owner_id": 3,
      "name": "Coriander",
      "currency": "Ksh",
      "price": 300,
      "quantity": 15,
      "thumbnail": "coriander"
    },
    {
      "id": 4,
      "owner_id": 3,
      "name": "Carrot",
      "currency": "Ksh",
      "price": 150,
      "quantity": 20,
      "thumbnail": "carrot"
    },
    {
      "id": 5,
      "owner_id": 3,
      "name": "Garlic",
      "currency": "Ksh",
      "price": 200,
      "quantity": 30,
      "thumbnail": "garlic"
    },
    {
      "id": 6,
      "owner_id": 3,
      "name": "Ginger",
      "currency": "Ksh",
      "price": 150,
      "quantity": 10,
      "thumbnail": "ginger"
    },
    {
      "id": 7,
      "owner_id": 3,
      "name": "Cucumber",
      "currency": "Ksh",
      "price": 250,
      "quantity": 50,
      "thumbnail": "cucumber"
    },
    {
      "id": 8,
      "owner_id": 3,
      "name": "Cabbage",
      "currency": "Ksh",
      "price": 50,
      "quantity": 400,
      "thumbnail": "cabbage"
    },
    {
      "id": 9,
      "owner_id": 3,
      "name": "Lettuce",
      "currency": "Ksh",
      "price": 50,
      "quantity": 300,
      "thumbnail": "lettuce"
    },
    {
      "id": 10,
      "owner_id": 3,
      "name": "Radish",
      "currency": "Ksh",
      "price": 300,
      "quantity": 200,
      "thumbnail": "radish"
    }
  ]
}