{
  "stores": [
    {
      "id": 1,
      "name": "Oscar Groceries",
      "phone": "+254712345678",
      "address": "Valley Arcade",
      "distance": 1.5,
      "open": {
        "hours": "8am - 8:30pm",
        "days": "Mon - Sat"
      },
      "thumbnail": "oscar_store"
    },
    {
      "id": 2,
      "name": "Chandarana",
      "phone": "+254700000678",
      "address": "Lavington Green",
      "distance": 0.5,
      "open": {
        "hours": "9am - 6pm",
        "days": "Mon - Sun"
      },
      "thumbnail": "chandarana_store"
    },
    {
      "id": 3,
      "name": "Zucchini",
      "phone": "+254712222278",
      "address": "ABC Place",
      "distance": 1,
      "open": {
        "hours": "8am - 8:30pm",
        "days": "Mon - Sat"
      },
      "thumbnail": "zucchini_store"
    }
  ]
}